id;first_name;last_name;email;phone_number;address;city;postal_code;birthday
1;Ophélie;Francois;Arthur.Girard88@gmail.com;émettre étant donné que;au prix de fonctionnaire racheter;Neuilly-sur-Seine;10308;2025-01-03
2;Laurence;Baron;Adrastee_Martin@hotmail.fr;dans la mesure où de façon à ce que;boucher trop de crainte que;Toulon;31650;2025-01-03
3;Mérovée;Prevost;Madeleine_Mercier13@hotmail.fr;a en faveur de;miam présidence;Rueil-Malmaison;28659;2025-01-03
4;Huguette;Olivier;Leu.Renard49@yahoo.fr;tarder tellement;où maintenant;Nice;16498;2025-01-03
5;Christine;Brunet;Aurelie_Blanc7@hotmail.fr;bof d'abord;moderne;Pau;25123;2025-01-03
6;Rodrigue;Benoit;Benedicte_Blanchard68@hotmail.fr;lentement par rapport à choir;régner rapide;Cergy;16590;2025-01-03
7;Abel;Denis;Aloyse.Laine@yahoo.fr;police au point que super;pourvu que dès que rapide;Avignon;9615;2025-01-03
8;Camillien;Rey;Charlemagne18@hotmail.fr;arriver groin groin;plic sauf;Amiens;29862;2025-01-03
9;Chantal;Girard;Theophile.Faure76@hotmail.fr;extrêmement ouf;auprès de comme géométrique;Nantes;27897;2025-01-02
10;Régis;Baron;Flavien_Cousin28@yahoo.fr;hi hôte;lorsque;Pessac;25556;2025-01-03
